Peptide,ROC_AUC
YLCFLAFLL,0.5274376741192548
FYLCFLAFL,0.5065612059928313
FLAFLLFLV,0.5286016255575245
MIELSLIDFY,0.5126232275370742
IDFYLCFLAF,0.5165360219625414
FYLCFLAFLL,0.4850466943728038
FLWLLWPVT,0.5180603775445278
LWPVTLACF,0.49950926976859655
YQIGGYTEK,0.3704490502997194
YQIGGYTEKW,0.24039128927093367
FLNGSCGSV,0.5609002440630237
KLSYGIATV,0.48852391362225367
MGYINVFAF,0.5527737476385556
AFPFTIYSL,0.5192703525352059
INFVRIIMR,0.5046985033349304
LQSINFVRI,0.5081240381363081
FLQSINFVR,0.5166971496778887
QSINFVRII,0.4938581007783862
LQSINFVRII,0.5115796574027232
SINFVRIIMR,0.5080829974623078
GLEAPFLYLY,0.4912734201688655
FLYLYALVYF,0.4847992208689891
FLQSINFVRI,0.5232637709968566
KEIIFLEGETL,0.46675867994384723
APKEIIFL,0.5276813451100464
ELYSPIFLI,0.5250839643864263
QELYSPIFL,0.5031779866448606
VQELYSPIF,0.5239410136808981
LYSPIFLIV,0.5467897163224488
VQELYSPIFL,0.511916393981813
MEVTPSGTWL,0.4727300821970589
VTPSGTWLTY,0.48060888857962575
GMEVTPSGTWL,0.4666934336105375
DFLEYHDVR,0.6155492838352081
LEYHDVRVV,0.5224710973589075
EDFLEYHDVR,0.580766803564156
LEYHDVRVVL,0.5202358300536118
AEAELAKNVSL,0.4846920849734864
YEQYIKWPW,0.4628108079257942
RQLLFVVEV,0.660020944134826
VRFPNITNL,0.5367503870969725
QPTESIVRF,0.4933390592956234
TESIVRFPNI,0.44056685707782106
VQPTESIVRF,0.4667674282286867
RFPNITNLCPF,0.49892612503157924
LLFVTVYSHL,0.5124873536861566
FVCNLLLLFV,0.5001995969676615
SVLLFLAFV,0.544827547360525
LLFLAFVVFL,0.49942799336063726
APAHISTI,0.4737480953692457
LPFNDGVYF,0.5065435858082845
VLPFNDGVY,0.5738656713343011
GVYFASTEK,0.5676593785925024
DGVYFASTEK,0.5402592036619626
VLPFNDGVYF,0.5615258123020981
LPFNDGVYFA,0.5412770156259091
YLQPRTFL,0.4316673485327482
YYVGYLQPRTF,0.46857872923872734
VLHSYFTSDY,0.5527205576362879
LLYDANYFL,0.5665255734266843
NPLLYDANY,0.5629638122211058
YDANYFLCW,0.5687863705396748
PLLYDANYFL,0.4829252103234613
LYDANYFLCW,0.514263924220802
LLYDANYFLC,0.5187854646802904
YIIKLIFLW,0.5172742724236641
LYIIKLIFL,0.5133352831071596
LYIIKLIFLW,0.563365253419415
YIIKLIFLWL,0.5520776247225034
FLYIIKLIFL,0.5149346804163442
RFLYIIKLIF,0.5596857063615552
FLYIIKLVFL,0.5092325498156197
NSIAIPTNF,0.3944149077528879
LPFFSNVTW,0.4670144244593011
PFFSNVTWF,0.39421577229724
FFSNVTWFH,0.26388330951710587
LPFFSNVTWF,0.15832598777683748
SNVTWFHAI,0.18222763418340904
GEVFNATRF,0.49483318882329874
FGEVFNATRF,0.40902670431723853
YLNTLTLAV,0.5441416574401614
FNATRFASVY,0.4339864141447747
LLLLDRLNQ,0.5096666666666667
ALALLLLDR,0.5006797077348717
LALLLLDRL,0.5080700616204028
VMCGGSLYV,0.639131529888588
MVMCGGSLYV,0.3317577121252997
SQSIIAYTM,0.3732204020916139
SIIAYTMSL,0.36046919819151335
VASQSIIAY,0.40259699853522407
RSVASQSII,0.37713931141105494
ASQSIIAYTM,0.4742717425523557
ILGTVSWNL,0.3581272033017981
TFKVSIWNL,0.5477464492236839
IMRTFKVSI,0.5690125775928714
ILLIIMRTFK,0.4954992526965948
RTFKVSIWNL,0.5340673760608321
KVPTDNYITTY,0.40856268309514776
VPHVGEIPVAY,0.5296876306183297
WICLLQFAY,0.43357436335530064
NYNYLYRLF,0.6169360834377722
NYLYRLFRK,0.6434003259098315
TLATCELYHY,0.4987916226089876
SASAFFGMSR,0.35494883107500264
ASAFFGMSR,0.3768474220205319
AQFAPSASA,0.37120851521146025
SFNPETNIL,0.46898447335069965
GVVFLHVTY,0.5472868485981938
VVFLHVTYV,0.6044498126217397
MWSFNPETNI,0.3646682064113257
ATEGALNTPK,0.5297469544617459
FTNVYADSF,0.602532424370602
VYADSFVIR,0.5757957435833585
NVYADSFVIR,0.5988035320579916
CFTNVYADSF,0.5607071390203919
KLNDLCFTNV,0.5165179025963007
FTNVYADSFV,0.6295504777731615
LNDLCFTNVY,0.440735056948498
FAYANRNRF,0.533121982973615
YANRNRFLY,0.5389411538429376
LQFAYANRNR,0.6081108291334549
FEYVSQPFL,0.5211249511554088
EYVSQPFLM,0.5010192345539473
CTFEYVSQPF,0.45582764664626607
GRLQSLQTY,0.46973460328622285
TGSNVFQTR,0.5280433149400274
STGSNVFQTR,0.555984842762545
DTDFVNEFYAY,0.538834418795104
YFIASFRLF,0.5344298501527862
FIASFRLFA,0.5382983565178058
SYFIASFRLF,0.5100425884492604
YFIASFRLFA,0.4925541906493782
ITDVFYKENSY,0.5692522711390636
YTMADLVYA,0.5206604239329513
TMADLVYAL,0.5966201032108125
YVVDDPCPI,0.5663372840993075
VDDPCPIHFY,0.5540088751606891
GNYTVSCLPF,0.5371581205556255
NYTVSCLPF,0.5299853808338748
FLLPSLATV,0.5321031652089345
FLCLFLLPSL,0.502825712425346
KLNVGDYFV,0.5537791884144262
TSRTLSYYK,0.49356480095779703
TVATSRTLSY,0.47522724641037517
GVEHVTFFIY,0.6579236173138199
VEHVTFFIY,0.5860033545920855
HVTFFIYNK,0.6395926597760991
GYQPYRVVVL,0.5074804704232647
PYRVVVLSF,0.5648116374923473
VYSSANNCTF,0.6162156027092467
ASKIITLKK,0.6694760454404147
SASKIITLK,0.6321513584927931
AEIPKEEVKPF,0.6209936563782719
VQIDRLITGR,0.4627051059860078
VEAEVQIDRL,0.540789411860186
FERDISTEI,0.6126430694357574
FERDISTEIY,0.5298675101483279
HPLADNKFAL,0.4904991535955744
NLNESLIDL,0.6093879004901891
SEISMDNSPNL,0.5396255695291065
CPDGVKHVY,0.6265156102766863
FPQSAPHGV,0.5397345199798859
DGVKHVYQL,0.5721114953861641
AEIRASANLA,0.497656866058353
ASANLAATK,0.5348428014551544
AEIRASANL,0.5667250205789159
KLLEQWNLV,0.4497282159910961
EELKKLLEQW,0.6253329506314581
CNDPFLGVY,0.4985265447151856
CTLKSFTVEK,0.4705567798807363
TLKSFTVEK,0.4514137053204479
SETKCTLKSF,0.47510344827586204
STQDLFLPFF,0.5029997369898848
TQDLFLPFF,0.5463155848123767
VFITLCFTLK,0.5053028696635566
VFITLCFTL,0.4903291611734132
LKKRWQLAL,0.5446805964686299
TLKKRWQLA,0.5952813067150635
ITLKKRWQL,0.5104234258472824
TLKKRWQLAL,0.4537832347600985
LPAADLDDF,0.5166745548551801
NSSPDDQIGY,0.5825034901681222
SSPDDQIGYY,0.538363118654228
SSPDDQIGY,0.5767650110861434
IGAGICASY,0.5536903376018627
QTNSPRRAR,0.5397518545850791
SYQTQTNSPR,0.559458346751018
TQTNSPRRAR,0.5578057769277457
IPIQASLPF,0.5988070453719309
SVSPKLFIR,0.4722617354196301
VLQLPQGTTL,0.5372941176470588
GTTLPKGFY,0.4258316902294752
TTLPKGFYA,0.4465087782308326
QLPQGTTLPK,0.5358507167997253
LQLPQGTTL,0.5033270202020202
VYYPDKVFR,0.49303068254347737
KVFRSSVLH,0.5108975364300435
AQVDVVNFNL,0.5889802014539225
NYIAQVDVV,0.67332205054882
AELEGIQY,0.4310602289696367
TLADAGFIK,0.4575722575657374
LADAGFIKQY,0.5041419294990723
ADAGFIKQY,0.5391285747194524
LLLQYGSFC,0.2644488246666383
DLFMRIFTI,0.5141155122075791
MDLFMRIFTI,0.457510168329466
LVLSVNPYV,0.4685629013997663
TLGVYDYLV,0.5732283598894538
GVYDYLVST,0.61087279418285
RIAGHHLGR,0.5376427353748402
HLRIAGHHL,0.5375430539609645
QTGKIADYNY,0.7030853218460525
GQTGKIADY,0.5590023403815736
KIADYNYKL,0.6026581367235782
RQIAPGQTGK,0.5543061035120395
IPFAMQMAY,0.5326398852223816
HVTYVPAQEK,0.5917389193313449
TYVPAQEKNF,0.7191635684487966
VTYVPAQEK,0.6655923284636156
LPIGINITRF,0.47181816873848986
DLPIGINITR,0.49948900276370334
INITRFQTL,0.46348011363636366
YYHKNNKSW,0.6231391674429649
GVYYHKNNK,0.6353250429683551
VPLHGTIL,0.545381404174573
SEETGTLIV,0.6076170931916948
GMSRIGMEV,0.46216917075670494
SVLYNSASF,0.5070387705644056
NSASFSTFK,0.5716702794644981
YSVLYNSASF,0.5569606227233064
LYNSASFSTF,0.5122162429640625
DSGFAAYSR,0.5838141695702671
GVAMPNLYK,0.5717010685731857
VAGDSGFAAY,0.6211647944368027
FSKQLQQSM,0.4305735056542811
AQALNTLVK,0.6103635377102551
LGAENSVAY,0.5759106654629043
AENSVAYSN,0.5134763288856387
AENSVAYSNN,0.5026277144196221
IYKTPPIKDF,0.6695092995647013
LLLCRMNSR,0.507477288609364
LLCRMNSRNY,0.5586933019976498
SLLLCRMNSR,0.42464119291705504
RMNSRNYIA,0.513624703087886
GAAAYYVGY,0.5580299281253682
AGAAAYYVGY,0.6668100578685923
